{
    "ams": {
        "[PACK] Nu-AMS 1.8.0 for FW 19.0.1": "shorturl.re/nuupd1",
        "[PACK] Nu-AMS 1.9.1 for FW 20.1.1": "https://github.com/nuguitar/Nu.NSW.repo1/releases/download/250615/AMS.1.9.1.FW.21.1.0.-.Trial.zip"    
    },
    "misc": {
	"Nu-Link-Refresh": "shorturl.re/nulink1",
	"Nu-FW19.0.1": "shorturl.re/nufw1",
	"Nu-ad1": "shorturl.re/nuad1",
        "Nu-ad2": "shorturl.re/nuad2",
	"Nu-ad3": "shorturl.re/nuad3",
	"Nu-Cheat1": "https://shorturl.re/nucheat1",
    "Nu-Cheat2": "https://shorturl.re/nucheat2"
    }
}
